-- phpMyAdmin SQL Dump
-- version 5.1.3
-- https://www.phpmyadmin.net/
--
-- Hôte : localhost
-- Généré le : ven. 03 fév. 2023 à 15:39
-- Version du serveur : 8.0.31
-- Version de PHP : 7.4.28

SET SQL_MODE = "NO_AUTO_VALUE_ON_ZERO";
START TRANSACTION;
SET time_zone = "+00:00";


/*!40101 SET @OLD_CHARACTER_SET_CLIENT=@@CHARACTER_SET_CLIENT */;
/*!40101 SET @OLD_CHARACTER_SET_RESULTS=@@CHARACTER_SET_RESULTS */;
/*!40101 SET @OLD_COLLATION_CONNECTION=@@COLLATION_CONNECTION */;
/*!40101 SET NAMES utf8mb4 */;

--
-- Base de données : `blog_mybody`
--

-- --------------------------------------------------------

--
-- Structure de la table `article`
--

CREATE TABLE `article` (
  `id` int NOT NULL,
  `title` varchar(255) CHARACTER SET utf8mb4 COLLATE utf8mb4_general_ci NOT NULL,
  `text_article` text CHARACTER SET utf8mb4 COLLATE utf8mb4_general_ci NOT NULL,
  `image` varchar(255) CHARACTER SET utf8mb4 COLLATE utf8mb4_general_ci NOT NULL,
  `category` varchar(255) COLLATE utf8mb4_general_ci NOT NULL,
  `date_mise` date NOT NULL,
  `author` varchar(255) CHARACTER SET utf8mb4 COLLATE utf8mb4_general_ci NOT NULL,
  `visibility` int NOT NULL DEFAULT '0'
) ENGINE=InnoDB DEFAULT CHARSET=utf8mb4 COLLATE=utf8mb4_general_ci;

--
-- Déchargement des données de la table `article`
--

INSERT INTO `article` (`id`, `title`, `text_article`, `image`, `category`, `date_mise`, `author`, `visibility`) VALUES
(3, 'HIIT ou cardio à faible intensité? Essayez les deux !', 'On a souvent tendance à sous-estimer le potentiel du cardio. Bien sûr, une séance de footing ou une sortie vélo deux ou trois fois par semaine, c’est toujours mieux que de rester dans son canapé. Mais pour obtenir de vrais résultats, vous serez plus efficace en combinant des exercices à faible et haute intensité.\r\n\r\nEt c’est là que le HIIT et le cardio à faible intensité deviennent vraiment intéressants. Ces sports ont chacun leurs avantages et leur utilité : en les alliant, vous allez perdre du poids, augmenter votre force musculaire, et améliorer votre endurance.\r\nLe cardio à faible intensité, c’est quoi ?\r\n\r\nIl s’agit du type d’exercice cardiovasculaire en aérobie que l’on inclut tous dans nos plans d’entraînement sans même le savoir. L’objectif : fournir un effort constant et régulier tout au long de la séance. Enchaîner des longueurs dans la piscine ou courir un semi-marathon sont deux bons exemples d’un entraînement cardio à faible intensité.\r\n\r\n« Le cardio à faible intensité permet de vous entraîner à maintenir votre effort et votre allure plus longtemps », explique Christian Jonsson, ambassadeur Polar et expert en CrossFit et courses à obstacles.\r\n\r\n« Vous n’avez pas besoin d’être super motivé pour accomplir ce genre d’exercice tous les jours. Je dirais même que c’est plus facile de s’entraîner quotidiennement et d’éviter les blessures. »\r\nPour sa part, Jonsson intègre ce type d’exercices (course, rameur, marche…) dans son plan d’entraînement deux à trois fois par semaine.\r\n\r\n« Je contrôle l’effort fourni en gardant un œil sur mon rythme cardiaque ou ma zone de fréquence cardiaque », poursuit Jonsson. « Pour être dans la bonne zone, je dois me se situer entre 140 et 150 bpm, c’est un rythme que je peux maintenir sur une période prolongée. En vue d’une compétition, il est aussi possible de faire des exercices de cardio plus intenses. \r\nLe HIIT, c’est quoi ?\r\n\r\nHIIT est l’acronyme de « High Intensity Interval Training », entraînement fractionné de haute intensité en français.\r\n\r\nIl s’agit d’un type d’entraînement cardio que l’on effectue généralement en circuit. Chaque circuit respecte une durée limitée, souvent pas plus de quelques minutes, suivi d’un temps de récupération. Il doit être effectué à environ 80 % de votre fréquence cardiaque maximale. Le HIIT a remporté un succès foudroyant ces dernières années.\r\n\r\nSes nombreux bienfaits sont à l’origine de sa popularité : stimulation du métabolisme, perte de poids, diminution de la pression artérielle et renforcement musculaire.\r\n\r\n« Avec les exercices de HIIT, les progrès sont vraiment visibles : je fais plus de répétitions en moins de temps, je soulève des poids plus lourds… C’est un entraînement très efficace, mais il ne conviendra pas si vous pratiquez l’ultrafond », précise Jonsson.\r\n\r\n« Rien de mieux que le fractionné pour vous aider à réaliser vos meilleures performances et gagner en vitesse ! Ces exercices vous apprennent aussi à mieux contrôler votre fréquence cardiaque, voire à la faire baisser. Vous habituez également votre corps à atteindre un rythme cardiaque très élevé et à ressentir la douleur. Cela vous aidera à ne pas vous effondrer à chaque effort soutenu. »\r\n\r\nCe style d’entraînement éclair a su séduire ses partisans grâce aux résultats qu’il promet, mais aussi parce qu’il est très facile à mettre en place. Les exercices de HIIT demandent peu voire pas de matériel et sont peu chronophages, un vrai plus pour les sportifs très occupés.\r\n\r\nEn raison du stress imposé par le HIIT à l’organisme, Jonsson recommande de se limiter à un ou deux entraînements de ce type par semaine : fractionné, CrossFit, sprints ou tout autre exercice exigeant un rythme cardiaque élevé et peu de temps de récupération. Lorsqu’il s’entraîne à la salle, notre expert aime associer le HIIT à une séance de musculation.\r\n\r\n« Lors de mes sessions de HIIT, je surveille mon rythme cardiaque et mes zones de fréquence cardiaque. J’essaye de rester autour de 160 bpm, jusqu’à 187 bpm grand maximum. Au-delà, je ne peux plus continuer », confie Jonsson. « Je porte toujours sur moi une montre de sport qui mesure la fréquence cardiaque, je n’ai qu’à y jeter un petit coup d’œil pour savoir où j’en suis. »', '0302202310083063dcdd1eec56fchander-r-AtfA8NDgpKA-unsplash.jpg', 'fitness', '2023-02-03', 'Polar fitness by saddam', 1),
(4, '8 conseils pour rester en forme pendant les vacances', 'Nous savons à quel point vous appréciez les efforts et les sacrifices que vous avez consentis depuis si longtemps pour vous rapprocher de vos objectifs. Pratiquer une activité physique et avoir une bonne alimentation sont deux points essentiels pour mener une vie saine et équilibrée sur le long terme. Mais un facteur est tout aussi important : le repos. C\'est pourquoi, après avoir travaillé dur à vos activités de remise en forme, il est normal que vous souhaitiez faire une petite pause pendant les vacances ou les fêtes.\r\n\r\nCependant, prendre des vacances ne doit pas être synonyme de jeter à la poubelle tous les progrès que vous avez réalisés jusqu\'à ce jour. Il existe des méthodes ou de petites actions que vous pouvez mettre en œuvre pour conserver votre forme physique pour laquelle vous avez travaillé si dur, tout en profitant de votre temps libre sans vous en mordre les doigts. C\'est pourquoi, voici à travers cet article quelques moyens de maintenir votre forme tout en profitant de vos vacances.\r\nConseil N°1 : Avant de commencer à vous sentir coupable\r\n\r\nA l’approche des fêtes de fin d’année, il peut être difficile d\'être régulier dans ses activités sportives. Entre l’envie de rester au chaud chez soi et les tentations constantes de se faire plaisir dans son assiette, vous pouvez vous sentir fatigué de devoir constamment vous priver ou de ne pas y parvenir. La discipline et la régularité sont deux qualités indispensables, toutefois, il est aussi important de savoir relâcher ses efforts de temps à autre. N\'oubliez pas qu\'il s\'agit simplement de trouver un équilibre qui vous convient pour pouvoir tenir sur la durée.\r\nConseil N°2 : Accepter quelques exceptions\r\n\r\nFaire le choix de prendre une pause sportive (bien méritée), c\'est apprendre à être plus indulgent avec soi-même. Les vacances et les fêtes de fin d\'année sont une bonne période pour prendre du repos. Cette pause vous aidera à rester motivé et à reprendre des forces pour reprendre de plus belle à la rentrée. \r\n\r\nBien que cela puisse sembler contradictoire, il n\'est donc pas du tout mauvais de vouloir céder à certains plaisirs (avec modération).\r\nConseil N°3 : Fixer ou rappeler votre objectif mensuel\r\n\r\nTrès souvent, mener une vie saine revient à se fixer un objectif clair. Que vous ayez l\'intention d\'améliorer votre condition physique, d\'améliorer votre santé ou de gagner en discipline, il est important d\'être précis sur l\'objectif que vous vous êtes fixé. De même, pendant les vacances, essayez de formuler une intention avec vous-même et de vous y engager.\r\n\r\nPar exemple, il se peut que vous ne fréquentiez plus aussi régulièrement la salle de sport pendant vos vacances. Mais pour autant, vous ne souhaitez pas perdre la forme. Une alternative, ou un objectif, que vous pouvez suivre pour éviter la fatigue hivernale est de faire des promenades tranquilles au moins une ou deux fois par semaine. \r\nConseil N°4 : De petits efforts quotidiens\r\n\r\nBien sûr, il est important de rester physiquement actif, mais me croiriez-vous si je vous disais qu\'il existe des activités quotidiennes qui ne demandent pas trop d\'efforts ?\r\n\r\nUn exemple formidable et facilement reconnaissable est celui des escaliers. Si la commodité d\'un ascenseur qui vous permet de passer d\'un étage à l\'autre est très appréciable, il est vrai qu\'il peut nous rendre un peu paresseux. Un autre exemple ? Vous arrêter une station de métro/bus avant, faire un peu de sport au saut du lit, marcher une dizaine de minutes lors de votre pause déjeuner... Il s\'agit d’exemples parmi tant d’autres, à vous de faire preuve de créativité !', '0102202314383063da79660f433emily-sea-coiWR0gT8Cw-unsplash.jpg', 'fitness', '2023-02-01', 'fille en forme', 1),
(5, 'Combien de séances de sport par semaine quand on pratique la musculation ?', '\r\n\r\nLe nombre de séances par semaine est un sujet qui fait souvent débat en musculation. Dans la vie de tous les jours et sur Internet, vous trouverez un peu de tous les points de vue ! Selon le niveau des pratiquants et les objectifs, chaque personne aura un avis différent sur la question.\r\n\r\nDans cet article, je vais donc vous partager mes recommandations selon mon expérience.\r\n\r\nCes quelques informations pourront vous donner une idée du nombre de séances idéales à réaliser pour atteindre vos ambitions et surtout, s’adapter à votre rythme de vie.\r\nLes préjugés sur le nombre de séances par semaine\r\n\r\nLa pensée collective peut laisser croire que vous devez vous entraîner un maximum de fois dans la semaine pour progresser et prendre rapidement du muscle. Et quand je dis un maximum, c’est par exemple 6 à 7 fois. C’est souvent une erreur, comme penser qu’il faut faire 5 fois par semaine les bras pour avoir de plus gros biceps.\r\n\r\nVotre corps, et plus particulièrement vos muscles, ont besoin de repos. Pendant votre entraînement, vous allez détruire vos fibres musculaires. C’est ensuite pendant la phase de repos que celles-ci vont se reconstruire. En fonction de l’intensité de votre entraînement, cela va mettre plus ou moins de temps. Mais vous l’aurez compris, le repos est primordial pour votre progression et la prise de muscle.\r\n\r\nDonc non, inutile de vous fixer 6 à 7 entraînements, surtout si vous débutez, c’est du surentraînement.\r\n\r\nIl peut arriver que certains sportifs de haut niveau à l’approche d’une compétition s’entraînent tous les jours. Ces personnes sont suivies par des professionnels et possèdent un planning sportif très précis et adapté.\r\nLa prise en compte de vos besoins et objectifs\r\n\r\nJ’en arrive donc aux objectifs et besoins de chacun. Pour se lancer dans la musculation de manière efficace, il faut avant tout vous écouter et savoir ce que vous voulez.\r\n\r\nVotre nombre de séances idéal va donc dépendre de :\r\n\r\n    Votre rythme de vie : Selon le travail que vous faites, vos obligations familiales et votre vie sociale, vous avez des disponibilités différentes. Il est donc important de connaître dans un premier temps les horaires que vous pouvez accorder à la musculation. Cela vous donnera une idée du nombre de séances que vous pouvez faire.\r\n    Vos ambitions : Là aussi, selon l’objectif que vous avez, le nombre de séances va varier. Un sportif souhaitant participer à une compétition devra s’entraîner beaucoup plus qu’une personne qui vient tout juste de se lancer dans la musculation et qui cherche à perdre un peu de poids. Le plus important est donc de vous fixer un objectif de séances hebdomadaire qui convient à votre objectif.\r\n    Votre motivation : La motivation est une très bonne chose mais attention, elle peut aussi vous porter préjudice ! J’ai croisé bien trop de personnes sur-motivées au départ, se rendant 4-5 fois à la salle par semaine, mais cela a duré 1 mois… Si vous débutez, il vaut donc mieux commencer doucement avec environ 2-3 séances par semaine, garder cette cadence sur le long terme, quitte à ajouter une séance hebdomadaire, plutôt que d’être dans l’excès dès le début et abandonner rapidement.\r\n\r\nCombien d’entraînements par semaine ?\r\n1 entrainement par semaine, ça reste mieux que rien !\r\n\r\nSi vous êtes débutant, c’est un bon début mais tout dépend de votre but, un seul entraînement peut-être assez léger.\r\n\r\nPar exemple, si vous souhaitez avoir des résultats visibles sur votre physique, comme prendre de la masse musculaire, avec un seul entraînement, il ne faut pas s’attendre à grand-chose…\r\n\r\nEn revanche, si vous pratiquez cette séance de musculation hebdomadaire simplement dans l’optique de faire du bien à votre corps, et qu’à côté de ce training, vous mangez équilibré, ça reste une bonne chose !\r\n\r\nPuis, qui sait, vous pouvez prendre du plaisir à vous entraîner en commençant par une séance semaine, puis augmenter petit à petit. Et cela vous permettra déjà d’être à l’aise avec les machines et les exercices, créer une base de travail, pour ensuite progresser rapidement.\r\n2 entraînements par semaine, pour ressentir les bienfaits du sport\r\n\r\nC’est une routine bénéfique pour commencer à ressentir les effets du sport sur votre santé et votre physique.\r\n\r\nSi vous débutez en musculation et que vous attaquez directement avec une routine sportive très intensive, vous risquez de vous blesser et même de vous démotiver. En tant que débutant, c’est donc une bonne fréquence pour commencer la musculation et adapter votre corps petit à petit à ce type d’effort physique.\r\n\r\n2 training par semaine vous permet de récupérer confortablement entre vos séances et de laisser vos muscles se reposer. C’est également assez facile à caler dans votre emploi du temps.\r\n\r\nDans le cas où vous pratiquez la musculation depuis longtemps et que vous souhaitez simplement garder la forme et vous entretenir, c’est une cadence permettant de conserver un minimum vos acquis.\r\n3 entraînements par semaine, ça devient sérieux !\r\n\r\nLa musculation devient une activité importante pour vous et vous souhaitez voir réellement des résultats sur votre physique.\r\n\r\nC’est un très bonne cadence d’entraînement pour atteindre différents buts : perte de poids, prise de muscle, tonification du corps, etc.\r\n\r\nEn 3 séances par semaine, vous pouvez varier les exercices et faire travailler l’ensemble de vos muscles. Si vous optez pour cette cadence, je vous conseille d’ailleurs d’alterner entre un jour de repos et un jour de sport.\r\n\r\nLe gros avantage d’adopter une routine de 3 trainings et que cela vous permet d’avoir des effets sur votre corps, tout en gardant du temps pour vous.\r\n4 entraînements par semaine, le rythme pour progresser rapidement\r\n\r\nC’est le nombre recommandé pour les pratiquants de musculation souhaitant avoir des résultats rapidement. C’est une cadence sportive idéale pour progresser en peu de temps.\r\n\r\nBien entendu, 4 trainings dans la semaine vont vous demander une certaine organisation et un certain investissement. Mais une fois que vous aurez trouvé votre routine, entre vie professionnelle, sociale et familiale, ce ne sera que du plaisir !\r\n5 entrainements par semaine, gros objectifs et grosse motivation\r\n\r\nÀ cette fréquence-là, la musculation devient une activité principale dans votre vie. Il est même fort probable que vous soyez amené à sacrifier une partie de votre vie sociale et familiale pour pouvoir suivre ce nombre d’entraînement.\r\n\r\nVos ambitions passent avant le reste et votre motivation est au maximum pour aller à la salle !\r\n\r\n5 entraînement vous apportent beaucoup de flexibilité sur les muscles à travailler mais il est important de savoir ce que vous faites pour bien gérer votre repos musculaire.\r\n\r\nCette intensité demande donc d’être un sportif aguerri avec des connaissances en musculation. La question du surentraînement commence à se poser, donc si vous en êtes là, c’est que vous savez ce que vous faites.\r\n6 entrainements par semaine, le rythme des pros\r\n\r\nC’est la fréquence des athlètes de haut niveau. Ce sont les sportifs qui ont la volonté d’atteindre les plus hauts niveaux et qui ont décidé de tout mettre en œuvre pour y arriver. Les séances doivent être millimétrées car les repos sont quasi-inexistants.\r\n\r\nPour la plupart d’entre nous, c’est une cadence quasi impossible à garder qui peut nous amener à des risques de blessures, de fatigue, de tension, etc.\r\n7 entraînements par semaine, trop c’est trop\r\n\r\nJe ne suis pas coach sportif, mais je pense que s’entraîner tous les jours, c’est beaucoup trop pour 99% des pratiquants de musculation.\r\n\r\nJe précise 99%, car je pense que là encore, certains athlètes de haut niveau, suivis par une équipe de professionnels, s’entraînent peut-être 7 fois par semaine. Mais si vous êtes dans cette tranche là, je ne pense tout simplement pas que vous seriez sur ce blog !\r\n\r\nAttention aussi à nuancer, car là je parle uniquement de la musculation. Mais si vous êtes un sportif polyvalent et que vous pratiquez la course à pied, la natation, le vélo, ou tout autre sport, vous pouvez très bien faire du sport tous les jours.\r\nMon nombre d’entraînements par semaine\r\n\r\nDe mon côté, j’ai commencé la musculation vers 18 ans à la maison avec des accessoires. Je faisais 2-3 entraînements par semaine.\r\n\r\nEnsuite, lors de mes débuts en salle de sport vers 20 ans, j’ai augmenté légèrement la cadence de trainings : 3 à 4 séances hebdomadaires.\r\n\r\nMon planning étudiant m’a ensuite donné la possibilité d’augmenter encore et de passer à 5 fois par semaine. Il m’est même arrivé quelques fois d’en faire 6, mais honnêtement je ne pense pas que c’était vraiment efficace !\r\n\r\nAujourd’hui, j’essaie de garder un rythme régulier de 4 séances par semaine. Je trouve que c’est idéal pour allier sport, boulot, vie sociale et familiale. Cela permet également de travailler efficacement tous les muscles et même de progresser.\r\n\r\nMais vous l’aurez compris, j’ai commencé à petite dose puis j’ai fait évoluer mon nombre de trainings avec le temps. Je suis en salle de sport depuis maintenant plus de 10 ans, et je suis toujours autant déterminé. C’est donc une des clés pour rester motivé !\r\n\r\nQuoi qu’il en soit, il faut avant tout vous écouter et adopter la fréquence de trainings qui est la plus adaptée à vos objectifs et surtout qui vous convient le mieux. Selon votre âge, votre poids, votre niveau de pratique, votre mode de vie… vous devez trouver le juste équilibre.\r\n', '0102202314425863da7a72e1c16sule-makaroglu-YFmvjO3TP_s-unsplash.jpg', 'fitness', '2023-02-01', 'John', 1),
(6, 'Musique Musculation : les 20 meilleures musiques pour vous motiver !', 'Quand on s’entraîne, on chercher à donner le maximum de nous-même. Une bonne grosse playlist training avec de la musique de musculation, ça motive à fond ! Car on le sait, se motiver à aller à la salle de sport pour finalement faire à moitié son entraînement, ça apporte qu’une seule chose : le regret.\r\nSport et Musique : une meilleure motivation\r\nAvec des gros sons dans les oreilles et une compilation de musiques de guerrier, vous êtes sûr de faire une séance de musculation efficace et de ne pas aller à la salle pour rien ! Et vous pouvez même écouter ces musiques pour vous chauffer à aller à la salle si vous n’êtes pas motivé et que vous préféreriez rester chez vous affalé sur le canapé…\r\n\r\nCertaines personnes n’ont pas besoin de musiques pour se motiver mais personnellement, si j’oublie mes écouteurs ou mon téléphone quand je pars à la salle, je sais que ma séance sera moins productive… J’ai besoin d’une bonne liste de musiques pour faire un bon training et repousser mes limites. Avec ces sons, j’améliore mes capacités ! Ca m’évite aussi d’écouter les musiques commerciales qui passent à longueur de journée à la salle et qui casse le rythme du training…\r\n\r\nFranchement, quand vous mettez vos écouteurs ou votre casque, que vous lancez votre playlist muscu et qu’un gros son motivant se lance dans vos oreilles, vous ne vous sentez pas d’attaque pour pousser des poids et vous surpasser ? Puis honnêtement j’ai fait le tour des playlist fitness sur Internet et ça reste énormément commercial et surtout très peu motivant… Enfin personnellement ce n’est pas The Chainsmokers ou Sia qui va me motiver à pousser plus même si je n’ai rien contre ces artistes !\r\nJe vous ai donc préparé quelques sons qui motivent énormément. Il y’en a certains que vous connaissez sûrement, mais ils restent néanmoins épiques donc je devais les ajouter dans cette compilation. Avec ces morceaux de musique, vous allez à coup sûr soulever plus à la salle, croyez moi ! A la fin je vais vous donner mon son préféré du moment et vous partager une astuce pour avoir toutes les musiques sur votre téléphone.\r\nMa playlist musculation\r\nJe vais commencer avec 2 incontournables mais c’est 2 sons que j’adore vraiment donc je suis obligé de vous les partager !\"', '0202202314181963dbc62b41a3bboxed-water-is-better-zuj2m7qxDA0-unsplash.jpg', 'fitness', '2023-02-02', 'Enrick', 1),
(7, '7 astuces pour tenir sa diète le plus longtemps possible en musculation !', '\r\n\r\nLorsque vous prenez la décision de bien manger et d’adopter un régime alimentaire sain, il faut absolument connaître quelques petites astuces afin d’honorer ce challenge et le réussir avec succès.\r\n\r\nDans cet article, je vous partage des conseils qui vous permettront de tenir cette bonne résolution sur le long terme et de ne pas craquer en vous laissant tenter par de la malbouffe !\r\n\r\nVoici 7 conseils pour tenir sa diète en musculation que nous appliquons nous-même au quotidien depuis plusieurs années et qui ont largement fait leurs preuves.\r\nPlanifiez et préparez vos repas à l’avance\r\n\r\nVisualiser à l’avance ce que vous allez manger toute la semaine vous permet de vous fixer des objectifs clairs et de vous organiser.\r\n\r\nTous les dimanches soirs, vous pouvez préparer une liste de ce que vous allez manger durant les jours à venir pour préparer vos repas à l’avance. Cela vous permet aussi de faire une liste de courses healthy avec des aliments qui entrent parfaitement dans votre apport calorique.\r\n\r\nPour quoi faire ? Si le repas du soir est déjà prêt, vous serez beaucoup moins tenté de commander une pizza non ?!\r\n\r\nC’est donc une bonne astuce pour manger ce qui était initialement prévu : un repas sain. Et en plus, c’est un gain de temps considérable dans le programme de votre journée. Pas besoin de passer des heures aux fourneaux. Le top non ?\r\nÉvitez les tentations\r\n\r\nLe meilleur conseil que je peux vous donner est d’éviter à tout prix les tentations.\r\n\r\n    À la maison\r\n\r\nQuand vous faites les courses, achetez le strict minimum. Et évitez de faire les courses lorsque vous avez faim. Vous risquez de bifurquer entre le rayon biscuits et fromages…\r\n\r\nFocalisez-vous uniquement sur des aliments sains qui rentrent dans votre diète !\r\n\r\nPar exemple, nous n’achetons jamais de gâteaux ou d’aliments qui pourraient nous pousser à faire des écarts.\r\n\r\nSi il n’y a pas de tentations dans la maison, vous ne craquez pas ! C’est la meilleure technique.\r\n\r\nSi vous avez faim à un moment de la journée et que vous ouvrez le frigo, c’est clair que vous allez être déçu car il n’y a rien de “cool” à vous mettre sous la dent.\r\n\r\nMais si vous cherchez un peu, vous pouvez vous concocter une collation très équilibrée : une tranche de pain complet avec un oeuf au plat dessus, du fromage blanc, des barres protéinées maison… Il y a toujours de quoi faire !\r\n\r\nBref vous l’aurez compris, fuyez les aliments que vous ne pouvez ou voulez pas manger et ils ne rentreront pas dans votre bouche. Rien de plus simple !\r\n\r\n    À l’extérieur\r\n\r\nLorsque vous êtes dehors, il faut également que vous appreniez à dire non.\r\n\r\nVos proches vous proposeront forcément à un moment donné un chocolat, une part de pizza ou quelques frites à partager avec vous. Certains vont vous proposer de commander en ligne ou d’aller manger dans un fast-food… Alors que vous n’aviez même pas prévu de faire d’écart ce jour-là !\r\n\r\nVous pouvez accepter de temps en temps mais si vous acceptez tout le temps et faites constamment des écarts, faire une diète ou un régime ne servirait plus à rien.\r\n\r\nGardez en tête votre objectif et apprenez à dire non fermement si l’on vous tente. Pour les journées au travail, rien de mieux que de vous préparer vos repas à l’avance. Si votre tupperware vous attend, vous réduisez les risques de tentations !\r\nVariez vos repas\r\n\r\nPersonnellement, quand j’ai commencé à bien manger, j’avais tendance à répéter perpétuellement les mêmes recettes et à toujours tourner autour des mêmes aliments.\r\n\r\nUne mauvaise habitude car au fur et à mesure du temps je me suis lassée de toujours manger la même chose.\r\n\r\nC’est à ce moment là que votre diète devient vraiment triste et que vous n’y trouvez plus votre compte !\r\n\r\nPour contourner ce problème, n’hésitez pas à tenter de nouvelles recettes fréquemment et variez au maximum votre alimentation pour que votre repas ne soit pas une punition.\r\n\r\nCela vous permettra de tenir sur la durée ! Pour varier, vous pouvez trouver de nombreuses recettes sur Internet, des livres, des vidéos youtube, etc.\r\nMangez ce que vous aimez\r\n\r\nBien manger ne doit pas être une corvée.\r\n\r\nParmi les aliments qui entrent dans votre diète ou votre régime, il y en a forcément que vous aimez !\r\n\r\nDonc ne vous forcez pas à manger des choses que vous n’appréciez pas ou qui vous dégoûtent. Manger doit tout de même rester un réel plaisir et vous devez être content de passer à table afin de ne pas être frustré.\r\n\r\nParmi tous les aliments sains, faites la liste de vos préférés et incluez-les dans vos repas. La petite astuce d’Enrick qui est un grand fan de chocolat est de manger un carreau de chocolat noir, le soir, à la fin de chacun de ses repas pour finir sur une touche sucrée.\r\nPensez aux collations\r\n\r\nLes collations sont des petits repas que les pratiquants de musculation ont l’habitude de consommer.\r\n\r\nCes repas supplémentaires permettent, par exemple, en période de prise de masse de donner à son corps tous les nutriments nécessaires pour prendre du muscle. Mais ils servent également à donner l’effet coupe-faim en attendant le midi et le soir pour éviter les écarts.\r\n\r\nN’hésitez pas à faire des collations le matin et/ou l’après-midi pour tenir si vous êtes dans un objectif de de perte de poids aussi. Tournez-vous vers des en-cas consistants et équilibrés qui vous caleront entre les repas et qui rentrent dans les macros de votre régime ou de votre diète.\r\n\r\nSi vous avez l’estomac bien rempli avec des choses saines, vous serez moins tentés par un paquet de biscuit au chocolat industriel qui vous fait de l’oeil non ?\r\nAutorisez-vous des écarts\r\n\r\nIl est aussi important de lâcher du leste en vous autorisant, de temps en temps, des écarts.\r\n\r\nIl n’y rien de plus frustrant que de faire une croix à jamais sur les cheat meals ou les repas et les aliments que vous adorez le plus.\r\n\r\nDonc si vous n’avez pas de compétition de prévue, faites une place à quelques repas qui ne rentrent pas dans votre diète pour vous faire plaisir.\r\n\r\nVous apprécierez d’autant plus ces repas qui seront plus rares !\r\n\r\nA vous de trouver votre équilibre et de déterminer la fréquence de ces écarts. Nous par exemple, nous fermons les yeux sur 2 repas par semaine.\r\n\r\nIl y a également parfois des semaines où nous ne ressentons pas le besoin de faire un écart. Il faut savoir s’écouter et trouver son son propre équilibre. C’est la clé !\r\n\r\nPour terminer, voici deux derniers conseils qui pourront également vous aider à suivre le programme alimentaire que vous vous êtes fixé.\r\nMangez dans des assiettes plus petites\r\n\r\nSi vous souhaitez réduire vos quantités et que vous êtes un gros mangeur, mangez dans des assiettes plus petites.\r\n\r\nVotre cerveau aura l’impression que c’est une grosse portion que vous lui donnez, vous serez plus rapidement rassasié et moins frustré !\r\nBrossez-vous les dents dès la fin du repas\r\n\r\nEnsuite, n’oubliez pas de vous brosser les dents à la fin de chaque repas.\r\n\r\nQuand vous venez de vous laver les dents et que vous avez une odeur agréable en bouche, cela vous coupe l’envie de grignoter des petites choses juste après le repas. Vous avez les dents toutes propres, autant les garder comme ça non ?\r\n\r\nVoilà, vous connaissez maintenant nos petits secrets qui nous permettent de manger bien toute l’année sans que cela soit un sacrifice ou un mode de vie tyrannique.\r\n\r\nVous verrez, quand vous prenez l’habitude de bien manger et que cela s’installe dans votre routine c’est un réel plaisir.\r\n\r\nAvez-vous d’autres astuces nutrition pour tenir son plan alimentaire et sa diète afin de bien manger tout au long de l’année ? N’hésitez pas à nous les partager en commentaire !\r\n', '0102202314532363da7ce3e6667brooke-lark-jUPOXXRNdcA-unsplash.jpg', 'nutrition', '2023-02-01', 'Julie', 1),
(9, '7 aliments pour développer sa masse musculaire et prendre du muscle', 'Sèche et prise de masse font partie intégrante du quotidien des pratiquants de musculation qui souhaitent mettre l’accent sur leur évolution et atteindre des objectifs à travers un programme de nutrition précis. Dans cet article, nous allons parler de la prise de masse.\r\n\r\nTout d’abord, qu’est ce que la prise de masse ? C’est une période où votre alimentation est focalisée sur l’augmentation du volume de votre musculature. Une prise de masse doit se faire à l’aide d’un programme rigoureux à travers des apports alimentaires très riches et un nombre précis de calories à manger chaque jour. Cette alimentation méticuleuse est bien évidemment associée à un programme de musculation adéquat avec des exercices et des séances de sport plus intenses. En gros, pendant une prise de masse, le but est de donner à votre corps un maximum de nutriments qu’il transformera ensuite en masse musculaire grâce à vos trainings intensifs.\r\n\r\nMais en période de prise de masse, on peut souvent être perdu, les aliments peuvent être répétitifs et on peut se lasser rapidement des repas ou on peut tout simplement ne pas savoir vers quels aliments se tourner. Voici donc une liste non exhaustive des aliments à privilégier pour prendre en masse musculaire et atteindre vos objectifs !\r\nLes oeufs\r\n\r\nAu plat, en omelette, brouillés… Les œufs entiers sont à privilégier en période de prise de masse grâce à leur source de protéines et de lipides. Il faut savoir qu’un oeuf contient à peu près 75 calories ! Personnellement, je mange régulièrement des oeufs brouillés le matin sur une tartine de pain complet et je prends des oeufs durs dans mon sac pour ma collation du matin ou de l’après-midi. Facile à préparer, pratique, et hyper bon !\r\nLes noix\r\n\r\nPour faire le plein d’énergie, de calories et de bonnes graisses non-saturées au cours de la journée, grignoter des noix le matin ou l’après-midi en guise de collation par exemple, c’est top ! Pleines de magnésium, de phosphore, de sélénium et de zinc, les noix contiennent tout ce qu’il faut pour construire du muscle et rester en forme, alors pourquoi s’en priver ?\r\nLe saumon\r\n\r\nAaaah les bon lipides ! Le saumon ainsi que les autres poissons gras sont indispensables à vos repas en période de prise de masse. Le saumon est plein d’acides gras non-saturés et d’oméga 3 (les omégas 3 améliorent la santé articulaire et cardiovasculaire), des alliés de taille dans votre alimentation pour prendre en masse musculaire. Avec Enrick, grands fans de viandes que nous sommes, on a longtemps fait l’impasse sur le poisson, et on a clairement eu tort !\r\nL’avocat\r\n\r\nLes avocats contiennent des graisses non-saturées qui apporteront des bonnes calories et de bonnes graisses à votre programme alimentaire. À consommer de multiples façons, l’avocat est notre petit chouchou : en purée sur des tartines, en salade ou encore simplement en accompagnement, il s’invite à tous les types de repas et même en collation ! Petite astuce : N’oubliez pas de mettre un filet d’huile d’olive sur votre avocat car l’huile d’olive est également un allié incontournable pour votre prise de masse ! LES BONS LIPIDEEESSSS !!!\r\nLe lait entier et le fromage blanc\r\n\r\nLe lait entier et le fromage blanc sont idéaux en période de prise de masse car ils sont bien évidemment riches en protéines ! Les protéines aident à construire le muscle tandis que le lactose, lui, aide à restaurer les stocks de glycogènes du muscle et maximisent son potentiel de construction. Top ! N’hésitez donc pas à boire un grand verre de lait entier pendant la journée ou à déguster un pot de fromage blanc !\r\nLa patate douce\r\n\r\nIdéale pour prendre en masse, la patate douce peut être incorporée dans de multiples recettes ! Nous par exemple, on l’utilise dans notre délicieuse recette de brownie protéiné à la patate douce. Nourrissantes et savoureuses, n’hésitez pas à ajouter des patates douce à vos petits plats pour une prise de masse réussie !\r\nLes flocons d’avoine\r\n\r\nSource de glucides et de fibres, l’aliment qu’il faut absolument inclure dans votre alimentation pour vous aider en période de prise de masse est……. Le flocon d’avoine. Non seulement bénéfiques pour la digestion mais aussi pour leur grand apport en énergie, les flocons d’avoine sont pratiques car ils peuvent se consommer de multiples façons ! En poridge, en poridge overnight, en granola, dans vos préparations de crêpes ou encore de pancakes, les choix qui s’offrent à vous sont multiples avec les flocons d’avoine. Moi, j’en mange quasiment tous les matins au petit-déjeuner en granola accompagnés de fromage blanc et de fruits !\r\n\r\nN’hésitez pas à faire un tour sur notre page recette pour découvrir mon granola maison, c’est une tuerie ! Et si vous souhaitez approfondir le sujet et découvrir d’autres aliments incontournables à la prise de masse, vous pouvez vous rendre sur le site de Milos sarcev.\r\nVoilà vous n’allez pas mourir de faim, vous connaissez maintenant les principaux aliments à inclure à votre alimentation pour une prise de masse propre ! N’hésitez pas à nous partager dans les commentaires d’autres aliments que vous privilégiez en période de prise de masse ou même vos petits plats savoureux \"', '0202202314141163dbc533779bcfarhad-ibrahimzade-cvvVSQp6DbM-unsplash.jpg', 'nutrition', '2023-02-02', 'Saddam', 1),
(10, 'Protéines en poudre : Faut-il en prendre ?', 'Aujourd’hui je vais vous parler des protéines en poudre. Si vous pratiquez une activité sportive, vous vous êtes sûrement déjà demandé si ce complément alimentaire était vraiment indispensable pour vos entraînements. Je vais donc tout vous dire sur les protéines : Est-ce mauvais pour la santé ? A quoi servent-elles ? Quand faut-il en prendre ? Lesquelles ? C’est parti !\r\nProtéines en poudre : Dites au revoir aux préjugés\r\n\r\nSi vous en prenez déjà vous avez à coup sûr entendu des remarques diverses et variées “Quoi ? Tu prends de la protéine en poudre ? Mais tu vas bousiller tes reins ? C’est pas bon pour la santé”. Ou encore le fameux “Ha du coup t’es pas naturel, c’est grâce à ça que tu es musclé, c’est d’la gonflette”.\r\n\r\nBref je vais mettre au clair toutes ces choses !\r\n\r\n\r\nLes protéines en poudre, à quoi ça sert ?\r\n\r\nJe vais déjà vous expliquer comment fonctionne votre système musculaire lorsque vous vous entraînez. En fait, lors de vos séances de sport et plus particulièrement lorsque vous faites des efforts en soulevant des poids à la salle de musculation, vous détruisez vos protéines et vos fibres musculaires.\r\n\r\nPendant que vous vous entraînez et que vous faites des efforts qui “choquent” votre corps, votre métabolisme va stopper l’assimilation des protéines.\r\n\r\nUne fois que votre séance de sport est terminée et que vous arrêtez vos efforts, votre corps va pouvoir reprendre son rythme normal. Il va donc chercher dans vos réserves de protéines pour reconstruire les muscles détruits.\r\n\r\nC’est à ce moment là qu’un apport en protéines est très efficace et favorise le développement du muscle ! Le fait de prendre un shaker de protéines va vous apporter des protéines très rapidement au moment idéal.\r\nFaut-il consommer des protéines en poudres ?\r\n\r\nPour prendre du muscle, vous devez bien entendu consommer suffisamment de protéines mais il est primordial d’avoir, avant toute chose, une alimentation équilibrée !\r\n\r\nEt indépendamment d’une alimentation équilibrée il est nécessaire de prendre des protéines en poudre à côté d’une pratique sportive régulière. Si vous n’êtes pas assidu, que vous pratiquez de la musculation une fois de temps en temps, la prise de compléments alimentaires est inutile. Dans le sport, vous devez être régulier  !\r\n\r\nJe vais tout de suite mettre les choses à plat. Les protéines en poudre ne sont que du lait dont on a enlevé l’eau, la graisse et le lactose (sucre).\r\n\r\nPour aller plus dans les détails, lors de la fabrication du fromage, le lait est séparé en deux éléments :\r\n\r\n    le caillé qui va devenir le fromage\r\n    le petit lait (également appelé lactosérum) qui contient 75% de lactose, 10% de protéine, des vitamines et des minéraux\r\n\r\nUne fois cette séparation terminée, vous gardez le petit-lait pour enlever le lactose. Ce même petit-lait que vous allez filtrer et déshydrater pour arriver au résultat que vous connaissez sûrement : la whey.\r\n\r\nJ’en reviens donc à affirmer qu’en aucun cas la protéine en poudre est un élément dopant.\r\n\r\nSi vous pensez encore que les protéines en poudre ne sont pas naturelles, je vous invite à arrêter de consommer du sucre ! Le sucre en poudre existe car il provient d’un processus d’extraction de la betterave. En aucun cas c’est naturel ! Pour la protéine en poudre, c’est identique. CQFD!\r\n\r\nJe ne dis pas que vous devez absolument consommer des protéines en poudre si vous faites de la musculation. Cela dépend simplement des besoins et des habitudes alimentaires de chacun.\r\n\r\nSi vous arrivez à avoir le bon apport de protéines journalier, vous n’êtes pas obligé de prendre des protéines. Je dis bien si vous arrivez… Répondre à toutes les attentes nutritionnelles de notre corps durant la journée est une chose complexe.\r\n\r\nIl est vrai que notre alimentation doit normalement répondre à tous nos besoins pour être en bonne santé. La viande, le poisson, les légumineux, les produits laitiers, etc sont autant de sources de protéines. Mais lorsque vous pratiquez des sports comme la musculation, il devient plus compliqué d’apporter à votre corps, les besoins nutritionnels qu’il attend.\r\n\r\nBien sûr, il ne faut pas abuser des protéines ! Si vous en prenez trop, votre corps ne vas pas les stocker et va les rejeter. Et vous risquez même d’avoir des problèmes de reins.\r\n\r\nUn autre exemple, si vous faites uniquement du cardio et que vous souhaitez brûler des calories, il n’est pas utile de prendre des shakers de protéines. A l’inverse de la musculation, la course à pied ne choque pas vos muscles.', '0102202315022763da7f03be63cctrl-a-meal-replacement-03e4RajfFAE-unsplash.jpg', 'nutrition', '2023-02-01', 'Enrick', 1),
(11, 'les meilleurs exercices de musculation pour se muscler et avoir de gros biceps', 'Avoir des gros bras musclés est la volonté d’un grand nombre de garçons qui pratiquent la musculation en salle de sport. Mais, ne tombons pas dans les clichés, les filles aussi ont pour objectif de développer leurs bras.\r\n\r\nPour ma part, j’adore travailler le haut du corps en général, et surtout les biceps. J’ai pour ambition de bien dessiner et muscler les bras.\r\n\r\nC’est important de se muscler l’ensemble du corps pour éviter les déséquilibres ! Pour cela, je travaille une fois par semaine les biceps et les triceps.\r\n\r\nTravailler les muscles des bras à la salle de sport est selon moi, très motivant ! D’autant plus que les résultats sont visibles et sont le signe d’une certaine force.\r\n\r\nQui n’a jamais dit à son pote “Regardes mes biceps, t’as vu comme j’ai pris ?!” Rassurez-moi, je ne suis pas la seule à faire ça…? Ou alors checker ses biceps congestionnés dans le miroir en pleine séance… Quelle satisfaction ahah !\r\nLe muscle du Biceps\r\n\r\nPour avoir des biceps dessinés et volumineux, il est inutile de les travailler trop souvent ! Les biceps sont sollicités lors d’autres exercices. Ce qui permet de faire des petit rappels au cours de la semaine. Par exemple lors d’une séance dos.\r\n\r\nMais travailler les biceps n’est pas suffisant pour avoir des bras imposants. En effet, une grande partie du volume du bras est constituée non pas par le biceps, mais par le triceps !\r\n\r\nPour avoir des bras musclés et volumineux, il faut alors impérativement travailler les triceps et ne pas se focaliser uniquement sur les biceps.\r\n\r\nQue ce soit avec une barre simple, une barre EZ, une poulie basse ou avec des haltères, découvrez 5 exercices efficaces et incontournables pour se muscler les biceps.\r\n\r\nGardez toujours à l’esprit que la musculation et le fitness sont des sports qui nécessitent patience et persévérance. Vous n’obtiendrez pas des biceps de titan en un claquement de doigts. Il vous faudra du temps pour vous construire des biceps musclés et surtout de la rigueur !', '0102202315045363da7f9549edajohn-arano-h4i9G-de7Po-unsplash.jpg', 'exercices', '2023-02-01', 'Julie', 1),
(12, 'Programme musculation complet femme : Ma routine sportive en salle', 'Quand on débute en musculation et que l’on découvre toutes les machines présentes dans sa salle de sport, on peut facilement se sentir perdu et ne pas savoir par où commencer.\r\n\r\nPour s’entraîner dans de bonnes conditions et ne pas partir dans tous les sens, il faut s’imposer de la rigueur ! Et ça, dès le début !\r\n\r\nDonc si vous voulez être scrupuleuses et efficaces, de nombreux facteurs sont à considérer.\r\n\r\nQue ce soit au niveau des exercices à faire, du nombre de séances par semaine, du temps de repos à respecter, du nombre de répétitions… etc. Si vous n’êtes pas suivi par un coach et que vous n’avez pas de programme de musculation, cela peut vite vous sembler très compliqué.\r\n\r\nVoici donc un article de ma routine sportive avec les exercices que je fais en ce moment et qui peut vous servir de base. Ainsi vous pourrez avoir un aperçu de mes entrainements et vous inspirer dans les choix de vos exercices. Cela pourra peut être vous aider à débuter ou vous donner tout simplement des idées d’exos à inclure dans votre programme de musculation.\r\n\r\nPour mettre toutes vos chances de votre côté et atteindre vos objectifs rapidement, je vous conseille d’adopter également une bonne routine alimentaire. Pour vous aider, voici différentes recettes fitness et conseils en nutrition. ', '0202202314422663dbcbd2a3b01bruce-mars-gJtDg6WfMlQ-unsplash.jpg', 'exercices', '2023-02-02', 'Julie', 1),
(13, 'Exercice abdo : Exercices simples et efficaces !', 'Hommes comme femmes, la plupart d’entre nous rêvent d’avoir des abdos ! Cette partie du corps nous obsède et c’est bien normal… Pour le côté esthétique, mieux vaut avoir de beaux abdos bien dessinés que des petits bourrelets et du gras sur le bidou hein… Mais le problème c’est que les abdos c’est quand même hyper difficile de les faire sortir ! Quand vous vous êtes mis à faire du sport, vous avez décidé d’insérer dans votre programme d’entraînement une routine abdominale. Pratiquement tous les jours vous faites des exercices, mais ça fait maintenant plusieurs mois que vous travaillez d’arrache pied et vous ne voyez toujours pas de résultats et vos abdos ont du mal à apparaître…\r\n\r\nEt si vous ne faisiez pas les bons exercices ou que vous ne respectiez pas la règle numéro 1 pour avoir des abdos ?\r\n\r\nJ’ai donc pensé que ce serait sympa de vous partager mes conseils et quelques exercices de ma routine abdos dont mon exercice préféré à la fin de l’article !\r\nVous allez peut être vous dire que c’est l’hiver et que vous recherchez à prendre de la masse et non à vous dessiner mais vous n’êtes pas tous dans ce cas ! Puis c’est l’occasion de préparer le training abdos pour l’été prochain. Du coup si vous avez envie d’avoir un ventre plat avec des abdos en béton et un six pack qui déchire, vous êtes au bon endroit.\r\n\r\nVoici tous mes conseils et tout mon programme pour vous forger une superbe ceinture abdominale !\r\nLes abdos, ça commence avant tout dans votre cuisine\r\n\r\nC’est LA RÈGLE NUMÉRO 1 ! Pour avoir des abdos, il faut avoir une alimentation équilibrée. L’apparition des abdominaux dépend du taux de masse grasse que vous avez. Le gras recouvre le muscle et si vous en avez trop, vos muscles ne vont pas se voir… En particulier pour les muscles de la ceinture abdominale. C’est donc un facteur crucial. Vous devez adapter et améliorer votre alimentation en fonction de vos objectifs.\r\n\r\n2 raisons peuvent nuir à l’apparition de vos abdos dans votre alimentation. Vous mangez mal et vous consommez trop d’aliments gras ou les quantités que vous mangez ne sont pas bonnes.', '0302202310053863dcdc72f290dalora-griffiths-sAKQGX1Krs8-unsplash(1).jpg', 'exercices', '2023-02-03', 'Julie', 1),
(14, 'Exercice abdo : Exercices simples et efficaces !', 'Hommes comme femmes, la plupart d’entre nous rêvent d’avoir des abdos ! Cette partie du corps nous obsède et c’est bien normal… Pour le côté esthétique, mieux vaut avoir de beaux abdos bien dessinés que des petits bourrelets et du gras sur le bidou hein… Mais le problème c’est que les abdos c’est quand même hyper difficile de les faire sortir ! Quand vous vous êtes mis à faire du sport, vous avez décidé d’insérer dans votre programme d’entraînement une routine abdominale. Pratiquement tous les jours vous faites des exercices, mais ça fait maintenant plusieurs mois que vous travaillez d’arrache pied et vous ne voyez toujours pas de résultats et vos abdos ont du mal à apparaître…\r\n\r\nEt si vous ne faisiez pas les bons exercices ou que vous ne respectiez pas la règle numéro 1 pour avoir des abdos ?\r\n\r\nJ’ai donc pensé que ce serait sympa de vous partager mes conseils et quelques exercices de ma routine abdos dont mon exercice préféré à la fin de l’article !\r\nVous allez peut être vous dire que c’est l’hiver et que vous recherchez à prendre de la masse et non à vous dessiner mais vous n’êtes pas tous dans ce cas ! Puis c’est l’occasion de préparer le training abdos pour l’été prochain. Du coup si vous avez envie d’avoir un ventre plat avec des abdos en béton et un six pack qui déchire, vous êtes au bon endroit.\r\n\r\nVoici tous mes conseils et tout mon programme pour vous forger une superbe ceinture abdominale !\r\nLes abdos, ça commence avant tout dans votre cuisine\r\n\r\nC’est LA RÈGLE NUMÉRO 1 ! Pour avoir des abdos, il faut avoir une alimentation équilibrée. L’apparition des abdominaux dépend du taux de masse grasse que vous avez. Le gras recouvre le muscle et si vous en avez trop, vos muscles ne vont pas se voir… En particulier pour les muscles de la ceinture abdominale. C’est donc un facteur crucial. Vous devez adapter et améliorer votre alimentation en fonction de vos objectifs.\r\n\r\n2 raisons peuvent nuir à l’apparition de vos abdos dans votre alimentation. Vous mangez mal et vous consommez trop d’aliments gras ou les quantités que vous mangez ne sont pas bonnes.', '0202202315265963dbd643eff7calonso-reyes-0HlI76m4jxU-unsplash(1).jpg', 'exercices', '2023-02-02', 'John', 1),
(15, '5 meilleurs exercices de musculation pour se muscler et avoir de gros biceps', 'Avoir des gros bras musclés est la volonté d’un grand nombre de garçons qui pratiquent la musculation en salle de sport. Mais, ne tombons pas dans les clichés, les filles aussi ont pour objectif de développer leurs bras.\r\n\r\nPour ma part, j’adore travailler le haut du corps en général, et surtout les biceps. J’ai pour ambition de bien dessiner et muscler les bras.\r\n\r\nC’est important de se muscler l’ensemble du corps pour éviter les déséquilibres ! Pour cela, je travaille une fois par semaine les biceps et les triceps.\r\n\r\nTravailler les muscles des bras à la salle de sport est selon moi, très motivant ! D’autant plus que les résultats sont visibles et sont le signe d’une certaine force.\r\n\r\nQui n’a jamais dit à son pote “Regardes mes biceps, t’as vu comme j’ai pris ?!” Rassurez-moi, je ne suis pas la seule à faire ça…? Ou alors checker ses biceps congestionnés dans le miroir en pleine séance… Quelle satisfaction ahah !\r\nLe muscle du Biceps\r\n\r\nPour avoir des biceps dessinés et volumineux, il est inutile de les travailler trop souvent ! Les biceps sont sollicités lors d’autres exercices. Ce qui permet de faire des petit rappels au cours de la semaine. Par exemple lors d’une séance dos.\r\n\r\nMais travailler les biceps n’est pas suffisant pour avoir des bras imposants. En effet, une grande partie du volume du bras est constituée non pas par le biceps, mais par le triceps !\r\n\r\nPour avoir des bras musclés et volumineux, il faut alors impérativement travailler les triceps et ne pas se focaliser uniquement sur les biceps.\r\n\r\nQue ce soit avec une barre simple, une barre EZ, une poulie basse ou avec des haltères, découvrez 5 exercices efficaces et incontournables pour se muscler les biceps.\r\n\r\nGardez toujours à l’esprit que la musculation et le fitness sont des sports qui nécessitent patience et persévérance. Vous n’obtiendrez pas des biceps de titan en un claquement de doigts. Il vous faudra du temps pour vous construire des biceps musclés et surtout de la rigueur !', '0202202315553663dbdcf896f1cjonathan-borba-0KGct860xWA-unsplash.jpg', 'exercices', '2023-02-02', 'thoma fit', 1);
INSERT INTO `article` (`id`, `title`, `text_article`, `image`, `category`, `date_mise`, `author`, `visibility`) VALUES
(16, ' Accessoires Fitness à la maison : le Top 8 pour faire du sport chez soi', 'Avec la situation actuelle et l’épidémie de Covid-19, la fermeture des salles de sport est toujours d’actualité depuis de nombreuses semaines. Pour rester actif et maintenir un corps en bonne santé, continuer une pratique sportive en faisant des entraînements de muscu et fitness à la maison est indispensable.\r\n\r\nCertes les conditions ne seront pas aussi optimales qu’en salle de sport car l’équipement à disposition ne sera pas aussi complet et l’espace peut-être restreint, mais il va falloir s’adapter pour que cette période impacte le moins possible tous les progrès que vous avez pu réaliser avant la fermeture des salles.\r\n\r\nL’idée est donc de stabiliser votre shape, voir peut-être de réussir à faire des gains, si vous avez le matériel adapté ! Plusieurs marchands proposent des accessoires de fitness et musculation mais Décathlon reste notre valeur sûre.\r\n\r\nDe notre côté, nous étions déjà un peu équipés avant l’épidémie de Covid-19 mais nous avons complété notre équipement pour faire des entraînements plus complets pendant cette longue période.\r\n\r\nVoici une liste du matériel de base et des accessoires fitness qui, selon nous, nous paraissaient indispensable pour continuer à faire des entraînements de musculation efficaces à la maison. Évidemment ce ne sont que des conseils et vous pouvez adapter cette liste selon vos besoins spécifiques et votre routine de training.\r\nUn tapis de sol\r\n\r\nL’élément de base pour vos entraînements de musculation à la maison est le tapis de sol.\r\n\r\nCelui-ci vous permet de protéger votre sol des chocs et des impacts mais aussi d’atténuer le bruit pour les voisins du dessous !\r\n\r\nLe tapis de sol vous permettra de déposer vos haltères et vos poids sans abîmer le sol, que vous ayez du parquet ou du carrelage.\r\n\r\nIl vous sera également très utile pour des exercices au sol tels que les abdominaux ou les étirements, ou même des séances de yoga ! Vous bénéficierez ainsi d’une petite couche moelleuse pour protéger votre dos, vos genoux, vos coudes…\r\n\r\nDe notre côté, nous avons opté pour un grand tapis de sport assez épais avec une épaisseur de 0,6 mm pour un maximum de confort.', '0202202321255763dc2a65c279fdelaney-van-UkP3YJW74Ew-unsplash.jpg', 'fitness', '2023-02-02', 'Dani le pec', 1),
(28, ' Musculation : Êtes-vous prêt à augmenter vos poids?', 'Cela fait maintenant plusieurs semaines que vous suivez un programme d’entraînement. Vous commencez à ressentir un sentiment de stagnation et vous avez l’impression que vos séances de musculation sont de plus en plus faciles. Au début, ce programme vous convenait parfaitement car il vous fatiguait et vous ressentiez que vos entraînements étaient efficaces ! Mais ça, c’était avant…\r\n\r\nBref j’ai la solution.\r\n\r\nTout d’abord, dites-vous que c’est une excellente chose. Ce sentiment signifie que vous avez augmentez considérablement votre force et que vous êtes maintenant prêt à soulever plus !\r\n\r\nVous êtes d’ailleurs peut-être un peu hésitant à l’idée d’augmenter vos poids. Ce qui est normal. Vous devez savoir que l’augmentation des charges est une étape naturelle dans la pratique de la musculation. Tout comme dans les autres sports d’ailleurs.\r\n\r\nPrenez l’exemple du running. Au début, vous allez courir 2-3 kilomètres. Avec le temps, le parcours va commencer à être trop facile. Vous ne ressentirez plus les mêmes sensations lors de vos fins de courses et elles ne seront plus productives. Vous devrez donc corser vos séances avec plus de dénivelé ou une distance plus longue. Pour la musculation c’est la même chose.\r\n\r\nIl ne faut pas se contenter de la même charge de poids durant des mois, voir des années. Vous devez choquer vos muscles et leur apporter de nouveaux défis !\r\n\r\nPour être plus fort, vous devez pousser plus lourd.\r\n\r\nQuand vous allez commencer à augmenter vos charges de travail, vous allez très vite remarquer une progression. Vos muscles vont devenir plus forts. S’en suivra une augmentation de votre masse musculaire et une diminution de votre masse maigre (graisse).\r\n\r\nVous êtes convaincu que l’augmentation des poids est une bonne chose ? Voyons maintenant les différentes façons de le faire.', '0302202309535463dcd9b29f524alora-griffiths-sAKQGX1Krs8-unsplash(1).jpg', 'fitness', '2023-02-03', 'Enrick', 1),
(29, ' 5 conseils pour bien récupérer après votre séance de fitness', 'Après une séance de sport, il est parfois difficile de récupérer et les courbatures peuvent souvent durer quelques jours. Mais y a t-il une solution miracle pour récupérer plus rapidement ? A vrai dire, non, il n’y a pas de solution miracle qui vous fait récupérer en un claquement de doigts… Mais il existe certaines astuces qui vous permettront de vous sentir mieux et d’optimiser votre récupération !\r\n\r\nAvant tout, il est primordial de savoir que la phase de récupération est aussi importante que le training en lui-même. Il faut laisser le muscle se reposer afin que celui-ci puisse correctement se développer. C’est pourquoi il est déconseillé de travailler 3 jours d’affilée le même muscle par exemple. D’autre part, le repos permettra d’améliorer votre capacité et diminuera grandement le risque de blessure ! Plus vous favorisez votre récupération, plus vos séances seront qualitatives, intensives et fructueuses. La récupération est donc un processus hyper important qu’il ne faut pas prendre à la légère pour bien progresser. A travers cet article, découvrez mes conseils pour bien récupérer après votre entraînement et donner à vos muscles le repos qu’ils méritent pour qu’ils puissent se développer de manière optimale.', '0302202314173763dd17818d969IMG_1825.jpg', 'fitness', '2023-02-03', 'Julie', 1);

-- --------------------------------------------------------

--
-- Structure de la table `coment`
--

CREATE TABLE `coment` (
  `id` int NOT NULL,
  `id_user` int NOT NULL,
  `id_article` int NOT NULL,
  `coment` text COLLATE utf8mb4_general_ci NOT NULL,
  `date_coment` date NOT NULL
) ENGINE=InnoDB DEFAULT CHARSET=utf8mb4 COLLATE=utf8mb4_general_ci;

--
-- Déchargement des données de la table `coment`
--

INSERT INTO `coment` (`id`, `id_user`, `id_article`, `coment`, `date_coment`) VALUES
(1, 3, 29, 'coool ', '2023-02-03'),
(2, 3, 29, 'ohh ', '2023-02-03'),
(3, 3, 29, 'trop bien !!', '2023-02-03'),
(4, 3, 29, 'très bien', '2023-02-03'),
(5, 3, 29, 'très bien', '2023-02-03'),
(6, 3, 29, 'tttttttttttttt', '2023-02-03'),
(7, 3, 29, 'parfait!!', '2023-02-03'),
(8, 3, 29, 'dddd', '2023-02-03'),
(9, 3, 29, 'fff', '2023-02-03'),
(10, 3, 29, 'sdsd', '2023-02-03'),
(11, 3, 29, 'baba', '2023-02-03'),
(12, 3, 29, 'kjhj', '2023-02-03'),
(13, 3, 15, 'jjhj', '2023-02-03'),
(14, 3, 29, 'hfghhb', '2023-02-03'),
(15, 3, 29, 'yesss', '2023-02-03'),
(16, 3, 4, 'cool', '2023-02-03'),
(17, 3, 4, 'yess', '2023-02-03'),
(18, 3, 29, ':mml', '2023-02-03'),
(19, 3, 29, 'qsvqV', '2023-02-03'),
(20, 3, 29, 'cfsdfv', '2023-02-03');

-- --------------------------------------------------------

--
-- Structure de la table `user`
--

CREATE TABLE `user` (
  `id` int NOT NULL,
  `prenom` varchar(255) COLLATE utf8mb4_general_ci NOT NULL,
  `email` varchar(255) COLLATE utf8mb4_general_ci NOT NULL,
  `mdp` varchar(255) COLLATE utf8mb4_general_ci NOT NULL,
  `statut` varchar(255) COLLATE utf8mb4_general_ci NOT NULL
) ENGINE=InnoDB DEFAULT CHARSET=utf8mb4 COLLATE=utf8mb4_general_ci;

--
-- Déchargement des données de la table `user`
--

INSERT INTO `user` (`id`, `prenom`, `email`, `mdp`, `statut`) VALUES
(3, 'Kader', 'test@free.fr', '$2y$10$WHXK0Cdh9jUlO/H.ssRI0uRMsWb8AWWLlclQA/iMB6tETxLONX9QG', 'ROLE_ADMIN'),
(4, 'Saddam', 'ss@gmail.com', '$2y$10$xukWuwGE4jUq6dHoSQcy4ueZ8.WYqqRHsAOAlYjyelcmQO54VVfGa', 'ROLE_USER');

--
-- Index pour les tables déchargées
--

--
-- Index pour la table `article`
--
ALTER TABLE `article`
  ADD PRIMARY KEY (`id`);

--
-- Index pour la table `coment`
--
ALTER TABLE `coment`
  ADD PRIMARY KEY (`id`);

--
-- Index pour la table `user`
--
ALTER TABLE `user`
  ADD PRIMARY KEY (`id`);

--
-- AUTO_INCREMENT pour les tables déchargées
--

--
-- AUTO_INCREMENT pour la table `article`
--
ALTER TABLE `article`
  MODIFY `id` int NOT NULL AUTO_INCREMENT, AUTO_INCREMENT=31;

--
-- AUTO_INCREMENT pour la table `coment`
--
ALTER TABLE `coment`
  MODIFY `id` int NOT NULL AUTO_INCREMENT, AUTO_INCREMENT=21;

--
-- AUTO_INCREMENT pour la table `user`
--
ALTER TABLE `user`
  MODIFY `id` int NOT NULL AUTO_INCREMENT, AUTO_INCREMENT=5;
COMMIT;

/*!40101 SET CHARACTER_SET_CLIENT=@OLD_CHARACTER_SET_CLIENT */;
/*!40101 SET CHARACTER_SET_RESULTS=@OLD_CHARACTER_SET_RESULTS */;
/*!40101 SET COLLATION_CONNECTION=@OLD_COLLATION_CONNECTION */;
